,accuracy,loss,val_accuracy,val_loss
0,0.4100528955459595,2.4453353881835938,0.42916667461395264,2.8076231479644775
1,0.41644325852394104,2.479483127593994,0.3375000059604645,3.303962230682373
2,0.3824843466281891,2.6115336418151855,0.27916666865348816,4.191530704498291
3,0.4146559536457062,2.544938325881958,0.34166666865348816,3.4115488529205322
4,0.4223985970020294,2.4590368270874023,0.11666666716337204,15.947407722473145
5,0.40214475989341736,2.5844857692718506,0.3583333194255829,3.0813188552856445
6,0.4128686189651489,2.424428701400757,0.25,3.9558932781219482
7,0.4057193994522095,2.5305497646331787,0.07916666567325592,26.429912567138672
8,0.41644325852394104,2.442617416381836,0.20416666567325592,5.061931133270264
9,0.41108131408691406,2.440415382385254,0.32499998807907104,3.46502947807312
10,0.40750670433044434,2.460592746734619,0.32083332538604736,3.1265718936920166
11,0.4244861602783203,2.455667734146118,0.3583333194255829,3.072822093963623
12,0.4244861602783203,2.43254017829895,0.2750000059604645,5.308531284332275
13,0.42895442247390747,2.366274833679199,0.3916666805744171,2.9967286586761475
14,0.4057193994522095,2.4828968048095703,0.17499999701976776,4.214288711547852
15,0.41733691096305847,2.3273892402648926,0.2708333432674408,3.2837636470794678
16,0.4128686189651489,2.392479181289673,0.1458333283662796,6.639585494995117
17,0.42806077003479004,2.3735506534576416,0.2874999940395355,3.437103748321533
18,0.4244861602783203,2.432891607284546,0.26249998807907104,3.8690340518951416
19,0.44885361194610596,2.3354790210723877,0.3375000059604645,2.8646626472473145
20,0.4593386948108673,2.292457342147827,0.2958333194255829,3.757572650909424
21,0.4530830979347229,2.244075059890747,0.30416667461395264,3.5544216632843018
22,0.4441465735435486,2.3028676509857178,0.2958333194255829,3.118246555328369
23,0.42328041791915894,2.305204153060913,0.26249998807907104,5.351564407348633
24,0.456657737493515,2.3676817417144775,0.23333333432674408,6.738949775695801
25,0.4414655864238739,2.3548202514648438,0.40833333134651184,2.4622464179992676
26,0.4361036717891693,2.373844861984253,0.3541666567325592,3.619415283203125
27,0.4504021406173706,2.267972707748413,0.22499999403953552,6.6125335693359375
28,0.44235923886299133,2.314506769180298,0.38333332538604736,2.957249402999878
29,0.45218944549560547,2.2585647106170654,0.40416666865348816,2.6412696838378906
30,0.4298480749130249,2.3044626712799072,0.13750000298023224,9.702061653137207
31,0.45755138993263245,2.2501697540283203,0.3958333432674408,2.6038014888763428
32,0.4468275308609009,2.3446805477142334,0.14166666567325592,7.199316024780273
33,0.44593387842178345,2.2237088680267334,0.38333332538604736,2.9289581775665283
34,0.44057193398475647,2.217622756958008,0.11666666716337204,12.872467041015625
35,0.4611259996891022,2.204780101776123,0.3499999940395355,2.85931396484375
36,0.4593386948108673,2.217200994491577,0.30000001192092896,3.2217493057250977
37,0.43074172735214233,2.3777716159820557,0.36666667461395264,2.9210808277130127
38,0.44325289130210876,2.2689552307128906,0.32499998807907104,3.110586643218994
39,0.456657737493515,2.186875104904175,0.07916666567325592,28.392972946166992
40,0.456657737493515,2.2235286235809326,0.38749998807907104,2.8087821006774902
41,0.4557640850543976,2.2130839824676514,0.25833332538604736,4.138667106628418
42,0.46380695700645447,2.1339943408966064,0.1458333283662796,7.698278427124023
43,0.4745308458805084,2.1582589149475098,0.2666666805744171,4.088172435760498
44,0.456657737493515,2.168848991394043,0.34583333134651184,3.161515235900879
45,0.4736371636390686,2.1415512561798096,0.38749998807907104,2.952953815460205
46,0.47542449831962585,2.104541778564453,0.4000000059604645,2.7856462001800537
47,0.46648794412612915,2.134226083755493,0.3375000059604645,2.9287962913513184
48,0.46291330456733704,2.1867659091949463,0.36250001192092896,3.220564842224121
49,0.4902998208999634,2.2083725929260254,0.2874999940395355,5.015631198883057
50,0.47542449831962585,2.090965747833252,0.3125,4.157238483428955
51,0.49597856402397156,2.0541677474975586,0.47083333134651184,2.4589767456054688
52,0.4611992835998535,2.1142144203186035,0.21250000596046448,7.302664279937744
53,0.4825737178325653,2.048105239868164,0.1666666716337204,6.850989818572998
54,0.48078641295433044,2.142324924468994,0.2541666626930237,3.756194591522217
55,0.468275249004364,2.156859874725342,0.2083333283662796,6.376736640930176
56,0.4816800653934479,2.0348713397979736,0.2666666805744171,3.6167054176330566
57,0.4816800653934479,2.107621908187866,0.46666666865348816,2.7780840396881104
58,0.48436102271080017,2.008530855178833,0.3583333194255829,3.185497760772705
59,0.49597856402397156,2.040040969848633,0.3333333432674408,2.887425422668457
60,0.47274351119995117,2.14019775390625,0.47083333134651184,2.3769493103027344
61,0.5093833804130554,1.9603819847106934,0.25833332538604736,5.055495262145996
62,0.491510272026062,2.021078586578369,0.3125,3.739020347595215
63,0.5272564888000488,1.934573769569397,0.36666667461395264,3.635070562362671
64,0.4995531737804413,2.006556510925293,0.2958333194255829,3.5720467567443848
65,0.4932975769042969,2.0580289363861084,0.46666666865348816,2.641441822052002
66,0.5227882266044617,1.9145433902740479,0.3583333194255829,2.8801348209381104
67,0.49597856402397156,1.9287606477737427,0.3499999940395355,4.168903827667236
68,0.47810545563697815,2.048668384552002,0.49166667461395264,2.4569525718688965
69,0.5004468560218811,1.948535442352295,0.2874999940395355,3.2110354900360107
70,0.5111706852912903,1.9884097576141357,0.2541666626930237,3.4800961017608643
71,0.5129579901695251,1.94181489944458,0.2541666626930237,3.3663363456726074
72,0.5067024230957031,2.004382848739624,0.10000000149011612,9.452624320983887
73,0.5192135572433472,1.9117422103881836,0.34166666865348816,2.8788554668426514
74,0.4977658689022064,1.9743868112564087,0.20000000298023224,4.478422164916992
75,0.5192135572433472,1.8888022899627686,0.375,3.178414821624756
76,0.5174262523651123,1.896728754043579,0.32499998807907104,4.120006084442139
77,0.5138516426086426,1.904107928276062,0.5208333134651184,2.2660012245178223
78,0.5183199048042297,1.860304832458496,0.10833333432674408,5.8641839027404785
79,0.5352993607521057,1.912135362625122,0.2708333432674408,4.081610679626465
80,0.5218945741653442,1.8134682178497314,0.4749999940395355,2.5913875102996826
81,0.5379188656806946,1.785248875617981,0.2541666626930237,7.171578407287598
82,0.5343915224075317,1.83039391040802,0.2666666805744171,4.77339506149292
83,0.5460232496261597,1.7941288948059082,0.21250000596046448,3.844630479812622
84,0.5299374461174011,1.8656485080718994,0.36250001192092896,2.647493600845337
85,0.5415549874305725,1.8014551401138306,0.42916667461395264,2.8051366806030273
86,0.5290437936782837,1.8600587844848633,0.36250001192092896,3.043522357940674
87,0.5513851642608643,1.7746187448501587,0.2916666567325592,3.1594369411468506
88,0.5370866656303406,1.8689806461334229,0.3499999940395355,4.298097133636475
89,0.5406612753868103,1.7757395505905151,0.4124999940395355,2.602200984954834
90,0.5495978593826294,1.761230230331421,0.26249998807907104,4.116796970367432
91,0.537980318069458,1.7978088855743408,0.375,2.626652479171753
92,0.5388739705085754,1.7436065673828125,0.4375,2.4387471675872803
93,0.5767195820808411,1.693548321723938,0.1875,8.451441764831543
94,0.5493826866149902,1.735758662223816,0.3125,5.043592929840088
95,0.5674709677696228,1.6250520944595337,0.23749999701976776,4.44679594039917
96,0.5674709677696228,1.6398974657058716,0.4333333373069763,2.33040714263916
97,0.5335120558738708,1.7523759603500366,0.24583333730697632,3.551269292831421
98,0.5504915118217468,1.7149094343185425,0.47083333134651184,2.142627000808716
99,0.5522788166999817,1.73195219039917,0.08749999850988388,14.598862648010254
100,0.5790884494781494,1.6110279560089111,0.3583333194255829,3.701937437057495
101,0.5790884494781494,1.5808525085449219,0.42916667461395264,2.41754150390625
102,0.5608465671539307,1.6045039892196655,0.3499999940395355,3.16715145111084
103,0.5996425151824951,1.5409191846847534,0.36250001192092896,3.5551769733428955
104,0.5862377285957336,1.5534420013427734,0.3791666626930237,2.5817129611968994
105,0.5656836628913879,1.6029382944107056,0.5625,1.7599326372146606
106,0.5728328824043274,1.5574220418930054,0.4833333194255829,2.3879477977752686
107,0.5907059907913208,1.5445241928100586,0.49166667461395264,2.0567731857299805
108,0.6067917943000793,1.4460307359695435,0.3499999940395355,3.9501872062683105
109,0.6050044894218445,1.426528811454773,0.5041666626930237,2.618462085723877
110,0.6112600564956665,1.4708274602890015,0.5,1.9718412160873413
111,0.6243386268615723,1.4256352186203003,0.5,2.4719579219818115
112,0.6300268173217773,1.3780343532562256,0.48750001192092896,2.43636417388916
113,0.641644299030304,1.381276249885559,0.2541666626930237,5.11384391784668
114,0.6291331648826599,1.3518143892288208,0.5916666388511658,2.280407428741455
115,0.6175156235694885,1.4399099349975586,0.2874999940395355,4.187140941619873
116,0.6193029284477234,1.4470775127410889,0.550000011920929,2.264591932296753
117,0.6389633417129517,1.3387830257415771,0.6333333253860474,1.5647587776184082
118,0.6541554927825928,1.2763597965240479,0.30416667461395264,3.5150973796844482
119,0.6362823843955994,1.3805286884307861,0.3791666626930237,3.918766736984253
120,0.6461126208305359,1.2709137201309204,0.5666666626930237,1.814989686012268
121,0.6461126208305359,1.2481813430786133,0.3499999940395355,5.269395351409912
122,0.6523681879043579,1.2690070867538452,0.4791666567325592,2.114778995513916
123,0.6461126208305359,1.2939093112945557,0.4833333194255829,2.7137274742126465
124,0.6666666865348816,1.2488958835601807,0.25833332538604736,4.185998916625977
125,0.6318141222000122,1.3536077737808228,0.6583333611488342,1.4273743629455566
126,0.679894208908081,1.1934908628463745,0.38333332538604736,2.9285895824432373
127,0.6720286011695862,1.2448222637176514,0.14166666567325592,10.922896385192871
128,0.6702412962913513,1.286365270614624,0.5791666507720947,1.975136399269104
129,0.6818587779998779,1.1838464736938477,0.30416667461395264,4.834862232208252
130,0.6747095584869385,1.2127236127853394,0.6333333253860474,1.4380241632461548
131,0.6621983647346497,1.1972259283065796,0.5625,2.274240016937256
132,0.6756032109260559,1.1919329166412354,0.375,2.6942050457000732
133,0.6890080571174622,1.147284746170044,0.637499988079071,2.2333741188049316
134,0.7015191912651062,1.0903822183609009,0.24166665971279144,7.327400207519531
135,0.697050929069519,1.1361925601959229,0.27916666865348816,6.551513671875
136,0.6890080571174622,1.1673449277877808,0.3375000059604645,4.363197326660156
137,0.6895943284034729,1.1300820112228394,0.4541666805744171,2.6892685890197754
138,0.7059875130653381,1.0706349611282349,0.6291666626930237,1.825472116470337
139,0.7354781031608582,0.9818776249885559,0.4375,4.110402584075928
140,0.6872207522392273,1.1401472091674805,0.47083333134651184,2.795832872390747
141,0.6878306865692139,1.13338041305542,0.48750001192092896,2.407323122024536
142,0.7220732569694519,0.9976797103881836,0.2916666567325592,4.9427571296691895
143,0.7274352312088013,0.9870504140853882,0.6541666388511658,1.5836783647537231
144,0.7086684703826904,1.002913475036621,0.3791666626930237,3.361267566680908
145,0.7363717555999756,0.9664351344108582,0.13333334028720856,13.547928810119629
146,0.7327971458435059,0.962929904460907,0.3375000059604645,4.210309028625488
147,0.7158176898956299,1.0295472145080566,0.2874999940395355,5.916003704071045
148,0.7399463653564453,0.9310258030891418,0.699999988079071,1.2500532865524292
149,0.743520975112915,0.9790050983428955,0.40416666865348816,4.517683029174805
150,0.7176049947738647,1.0469385385513306,0.30000001192092896,4.827819347381592
151,0.7444146275520325,0.9473719000816345,0.4333333373069763,2.661088466644287
152,0.7390527129173279,0.9616522789001465,0.4208333194255829,3.600839853286743
153,0.777479887008667,0.8516315221786499,0.6875,1.4866498708724976
154,0.7560321688652039,0.8890891671180725,0.7833333611488342,0.9745867848396301
155,0.7792671918869019,0.855391800403595,0.7958333492279053,1.1303561925888062
156,0.7685433626174927,0.8558533191680908,0.23333333432674408,7.69542932510376
157,0.7560321688652039,0.8582349419593811,0.7833333611488342,0.8935784697532654
158,0.7596067786216736,0.8655253052711487,0.5166666507720947,1.9998890161514282
159,0.7685433626174927,0.8844119310379028,0.6166666746139526,1.7648310661315918
160,0.7698412537574768,0.8575221300125122,0.5916666388511658,1.8763409852981567
161,0.7698412537574768,0.8456457257270813,0.6333333253860474,2.04585337638855
162,0.7730116248130798,0.8174326419830322,0.6000000238418579,1.7433357238769531
163,0.7658624053001404,0.8196114301681519,0.27916666865348816,5.889184474945068
164,0.7506702542304993,0.8398914933204651,0.21250000596046448,7.602193832397461
165,0.7989276051521301,0.7248408198356628,0.40416666865348816,3.082533836364746
166,0.7953529953956604,0.7482791543006897,0.23749999701976776,8.756701469421387
167,0.7864164710044861,0.74723881483078,0.824999988079071,0.8813246488571167
168,0.788203775882721,0.7330244779586792,0.27916666865348816,7.549097537994385
169,0.783735454082489,0.7952677607536316,0.36250001192092896,4.014890193939209
170,0.8293119072914124,0.6300659775733948,0.47083333134651184,2.4408910274505615
171,0.7890974283218384,0.7378935217857361,0.3166666626930237,4.6971259117126465
172,0.7899910807609558,0.7455348372459412,0.7333333492279053,1.2570643424987793
173,0.7962466478347778,0.7405709624290466,0.6499999761581421,1.5189334154129028
174,0.7926720380783081,0.7472431063652039,0.44583332538604736,3.134420871734619
175,0.7962466478347778,0.7354220151901245,0.6916666626930237,1.4261925220489502
176,0.8221626281738281,0.6908581256866455,0.6541666388511658,1.8008553981781006
177,0.7890974283218384,0.711408257484436,0.21666666865348816,6.941281318664551
178,0.7962466478347778,0.6758033037185669,0.1041666641831398,27.187761306762695
179,0.817694365978241,0.6747603416442871,0.6708333492279053,1.378232717514038
180,0.8077601194381714,0.6787311434745789,0.6041666865348816,1.648945689201355
181,0.8230562806129456,0.6702954769134521,0.5874999761581421,2.192399024963379
182,0.8280423283576965,0.6579160094261169,0.7833333611488342,1.0940301418304443
183,0.811438798904419,0.7069328427314758,0.7708333134651184,1.0701677799224854
184,0.8105451464653015,0.695620596408844,0.7416666746139526,1.1753519773483276
185,0.8060768246650696,0.7252646088600159,0.44583332538604736,3.6571316719055176
186,0.7926720380783081,0.7399672865867615,0.6833333373069763,1.4728693962097168
187,0.8042895197868347,0.713162362575531,0.5625,1.6237918138504028
188,0.8302055597305298,0.6060858368873596,0.7708333134651184,1.0907026529312134
189,0.8042895197868347,0.6703130602836609,0.38749998807907104,5.521305561065674
190,0.8078641891479492,0.6877434849739075,0.6875,1.563876748085022
191,0.8289241790771484,0.6474082469940186,0.36250001192092896,5.901844501495361
192,0.8203753232955933,0.5731557607650757,0.8374999761581421,1.0757462978363037
193,0.8203753232955933,0.6067866683006287,0.6458333134651184,1.7752571105957031
194,0.8257372379302979,0.6485071778297424,0.5541666746139526,2.2423975467681885
195,0.8230562806129456,0.6172600984573364,0.3375000059604645,3.9300172328948975
196,0.8033958673477173,0.7005928754806519,0.8333333134651184,0.9506072998046875
197,0.8364611268043518,0.5856102108955383,0.8041666746139526,0.7408795952796936
198,0.8123324513435364,0.6555722951889038,0.6458333134651184,1.7388495206832886
199,0.8418230414390564,0.5497000813484192,0.6916666626930237,1.5692219734191895
200,0.8337801694869995,0.5744391679763794,0.6958333253860474,2.0135107040405273
201,0.8382484316825867,0.5682963728904724,0.21250000596046448,9.040450096130371
202,0.8284182548522949,0.6194027066230774,0.3583333194255829,5.145409107208252
203,0.8400357365608215,0.5361841917037964,0.8291666507720947,1.0962059497833252
204,0.8543342351913452,0.51826411485672,0.34583333134651184,5.80178165435791
205,0.8498659729957581,0.5239222645759583,0.2666666805744171,6.142881870269775
206,0.8302055597305298,0.6638064980506897,0.7333333492279053,1.4106619358062744
207,0.8632707595825195,0.5320967435836792,0.7583333253860474,1.8821642398834229
208,0.8346738219261169,0.5951999425888062,0.24583333730697632,10.22990894317627
209,0.8400357365608215,0.5397805571556091,0.2874999940395355,8.162349700927734
210,0.8391420841217041,0.551658034324646,0.4541666805744171,3.198364734649658
211,0.8453976511955261,0.5068942904472351,0.887499988079071,0.5713732838630676
212,0.8492063283920288,0.5500267148017883,0.5708333253860474,2.1740176677703857
213,0.8552278876304626,0.550799548625946,0.8166666626930237,0.9106915593147278
214,0.8436103463172913,0.5344839692115784,0.7916666865348816,1.790981411933899
215,0.8480786681175232,0.558906614780426,0.7458333373069763,1.5851727724075317
216,0.8364611268043518,0.6050955653190613,0.8541666865348816,0.9356083273887634
217,0.8686327338218689,0.5434216856956482,0.6666666865348816,1.7391374111175537
218,0.8525469303131104,0.56544429063797,0.25,5.174153804779053
219,0.8650580644607544,0.49466344714164734,0.7958333492279053,1.1577134132385254
220,0.8553791642189026,0.48350033164024353,0.6083333492279053,3.395181179046631
221,0.8561215400695801,0.4612780809402466,0.09166666865348816,26.27117919921875
222,0.8677390813827515,0.43145331740379333,0.637499988079071,2.826059579849243
223,0.866843044757843,0.4278270900249481,0.6666666865348816,1.866843819618225
224,0.8534405827522278,0.5509500503540039,0.3916666805744171,3.7562947273254395
225,0.8856121301651001,0.4202260971069336,0.7666666507720947,1.5892932415008545
226,0.8713136911392212,0.5182029604911804,0.4416666626930237,5.451960563659668
227,0.8544973731040955,0.5513558387756348,0.6083333492279053,2.2484359741210938
228,0.8614834547042847,0.5235251784324646,0.2916666567325592,8.115997314453125
229,0.8677390813827515,0.4711689352989197,0.3958333432674408,7.07820463180542
230,0.873100996017456,0.4502497911453247,0.32083332538604736,5.117311954498291
231,0.8588024973869324,0.5031691789627075,0.44999998807907104,4.338202953338623
232,0.8462913036346436,0.49331989884376526,0.6833333373069763,1.3029868602752686
233,0.8543342351913452,0.5157071948051453,0.8500000238418579,0.726462185382843
234,0.8713136911392212,0.4558674395084381,0.4124999940395355,4.0980448722839355
235,0.8659517168998718,0.47738125920295715,0.699999988079071,1.082863211631775
236,0.8579088449478149,0.5635742545127869,0.5375000238418579,3.2464382648468018
237,0.869488537311554,0.4611504375934601,0.8125,1.2831666469573975
238,0.8722073435783386,0.4749063551425934,0.3583333194255829,4.58984899520874
239,0.8614834547042847,0.4864526391029358,0.7458333373069763,1.3424144983291626
240,0.8614834547042847,0.5116488337516785,0.7666666507720947,2.3025126457214355
241,0.8713136911392212,0.40088239312171936,0.737500011920929,1.4708102941513062
242,0.8579088449478149,0.5147489309310913,0.7124999761581421,2.3495521545410156
243,0.8516532778739929,0.5183342099189758,0.5041666626930237,3.2631518840789795
244,0.8677390813827515,0.4497833251953125,0.7083333134651184,2.1330599784851074
245,0.8765432238578796,0.44857484102249146,0.6083333492279053,2.309924602508545
246,0.8695263862609863,0.514644980430603,0.887499988079071,0.7167367339134216
247,0.8677390813827515,0.522752046585083,0.15833333134651184,23.291284561157227
248,0.8695263862609863,0.424845814704895,0.8374999761581421,0.8702923655509949
249,0.8722073435783386,0.48335000872612,0.6291666626930237,1.6115764379501343
250,0.8739946484565735,0.469319611787796,0.875,0.9501616954803467
251,0.8784629106521606,0.4141485393047333,0.6916666626930237,1.6108934879302979
252,0.8695263862609863,0.44566982984542847,0.44999998807907104,4.003292083740234
253,0.9034852385520935,0.3340621292591095,0.5291666388511658,2.4915969371795654
254,0.8829311728477478,0.4652538597583771,0.7583333253860474,1.2996574640274048
255,0.8802502155303955,0.4652436077594757,0.625,2.866234064102173
256,0.8784629106521606,0.45522013306617737,0.7541666626930237,1.220417857170105
257,0.864164412021637,0.4853464365005493,0.8500000238418579,0.9577839374542236
258,0.8829311728477478,0.39469265937805176,0.7666666507720947,1.2049510478973389
259,0.8847184777259827,0.4331163167953491,0.8125,1.2600853443145752
260,0.8704200387001038,0.4466351866722107,0.3541666567325592,7.172674179077148
261,0.8865057826042175,0.41460856795310974,0.8666666746139526,0.9815624952316284
262,0.890080451965332,0.3898397386074066,0.7041666507720947,1.8554770946502686
263,0.8722073435783386,0.4547279179096222,0.2958333194255829,7.578522205352783
264,0.8954423666000366,0.3816235363483429,0.6916666626930237,2.666415214538574
265,0.8865057826042175,0.4289438724517822,0.375,4.948599338531494
266,0.8766756057739258,0.4423452913761139,0.6041666865348816,1.7541320323944092
267,0.8791887164115906,0.40660837292671204,0.44999998807907104,4.103997230529785
268,0.89682537317276,0.39452993869781494,0.6625000238418579,1.3542630672454834
269,0.8972296714782715,0.3964773714542389,0.8708333373069763,0.9749859571456909
270,0.8784629106521606,0.4259755611419678,0.8458333611488342,0.9620115756988525
271,0.8927614092826843,0.3840556740760803,0.6083333492279053,2.3167879581451416
272,0.8774250149726868,0.3938332200050354,0.8041666746139526,0.8690643906593323
273,0.8856121301651001,0.40625807642936707,0.4583333432674408,5.08571195602417
274,0.8829311728477478,0.40100088715553284,0.8083333373069763,1.264704942703247
275,0.8891867995262146,0.40328487753868103,0.7791666388511658,0.9159529805183411
276,0.8954423666000366,0.3928895592689514,0.7749999761581421,1.5279937982559204
277,0.8820375204086304,0.45497947931289673,0.3958333432674408,4.88731575012207
278,0.887399435043335,0.38386452198028564,0.4208333194255829,5.004354953765869
279,0.9151027798652649,0.3179246783256531,0.8333333134651184,1.0059088468551636
280,0.9070598483085632,0.36329445242881775,0.6541666388511658,2.098313570022583
281,0.9034852385520935,0.33132556080818176,0.612500011920929,1.8540687561035156
282,0.8941798806190491,0.4037471413612366,0.7458333373069763,1.3291127681732178
283,0.9052725434303284,0.33093270659446716,0.30416667461395264,8.697504997253418
284,0.8802502155303955,0.511998176574707,0.5291666388511658,5.104375839233398
285,0.8954423666000366,0.4085575044155121,0.574999988079071,4.150301456451416
286,0.9043788909912109,0.3238147795200348,0.36250001192092896,5.842557907104492
287,0.9061661958694458,0.3559828996658325,0.5583333373069763,2.210601329803467
288,0.8927614092826843,0.39130085706710815,0.5583333373069763,3.5282695293426514
289,0.9016979336738586,0.35975998640060425,0.800000011920929,0.9561039209365845
290,0.8990169763565063,0.3935721814632416,0.30416667461395264,6.338284015655518
291,0.887399435043335,0.4257645010948181,0.9125000238418579,0.7755995392799377
292,0.9115281701087952,0.2851746380329132,0.6458333134651184,3.0656051635742188
293,0.8990169763565063,0.3486230969429016,0.5833333134651184,3.4445137977600098
294,0.8990169763565063,0.3679299056529999,0.7291666865348816,1.6821913719177246
295,0.9043788909912109,0.36950230598449707,0.5458333492279053,2.958909273147583
296,0.9070598483085632,0.35081204771995544,0.5666666626930237,2.8220860958099365
297,0.8811438679695129,0.4731273353099823,0.6166666746139526,2.5051748752593994
298,0.8820375204086304,0.437151700258255,0.8583333492279053,1.114601731300354
299,0.8865057826042175,0.42974942922592163,0.7583333253860474,1.28468918800354
300,0.8909741044044495,0.3746695816516876,0.8041666746139526,1.5421199798583984
301,0.9177837371826172,0.27493229508399963,0.7666666507720947,1.7467758655548096
302,0.9061661958694458,0.3305644392967224,0.375,5.3182878494262695
303,0.8990169763565063,0.30021992325782776,0.8916666507720947,1.4816133975982666
304,0.8972296714782715,0.37327009439468384,0.8916666507720947,0.9087081551551819
305,0.9188712239265442,0.29374805092811584,0.6000000238418579,2.6157431602478027
306,0.887399435043335,0.4050653278827667,0.7541666626930237,1.274497389793396
307,0.896336019039154,0.3802667260169983,0.5958333611488342,3.56459379196167
308,0.9115281701087952,0.3183927536010742,0.6291666626930237,3.4874043464660645
309,0.9012345671653748,0.36956408619880676,0.2874999940395355,5.744002819061279
310,0.9088472127914429,0.34312668442726135,0.6291666626930237,2.3252456188201904
311,0.9003527164459229,0.34432849287986755,0.8374999761581421,0.9846197962760925
312,0.8990169763565063,0.3758503794670105,0.6000000238418579,3.023905038833618
313,0.8999106287956238,0.33027613162994385,0.8333333134651184,1.246208667755127
314,0.9106345176696777,0.3031003177165985,0.2874999940395355,10.867830276489258
315,0.8918677568435669,0.46815186738967896,0.6625000238418579,3.3937172889709473
316,0.9159964323043823,0.27833235263824463,0.6166666746139526,3.0606818199157715
317,0.8945487141609192,0.4104686677455902,0.4208333194255829,5.465795993804932
318,0.9034852385520935,0.348524808883667,0.3708333373069763,5.717552185058594
319,0.8959435820579529,0.3712890148162842,0.32083332538604736,5.761192798614502
320,0.9047619104385376,0.32120460271835327,0.8833333253860474,0.9883338212966919
321,0.9151027798652649,0.2987024188041687,0.7333333492279053,1.3283088207244873
322,0.8999106287956238,0.33953332901000977,0.2750000059604645,9.544232368469238
323,0.9070598483085632,0.34741106629371643,0.8958333134651184,0.829223096370697
324,0.8945487141609192,0.3753686249256134,0.3333333432674408,7.711153984069824
325,0.9142091274261475,0.2971377670764923,0.8541666865348816,0.7108510732650757
326,0.9097408652305603,0.3426273763179779,0.7708333134651184,1.2090634107589722
327,0.9088472127914429,0.343965619802475,0.862500011920929,0.8389257788658142
328,0.9106345176696777,0.34336531162261963,0.8125,1.1867632865905762
329,0.9159964323043823,0.33609244227409363,0.824999988079071,0.9950565099716187
330,0.9186773896217346,0.29769057035446167,0.8083333373069763,0.8821164965629578
331,0.9097408652305603,0.3285903036594391,0.5583333373069763,2.3777685165405273
332,0.9268077611923218,0.2786242961883545,0.49166667461395264,5.584128379821777
333,0.8999106287956238,0.36354178190231323,0.9458333253860474,0.5806943774223328
334,0.9168900847434998,0.31706979870796204,0.2666666805744171,7.673985004425049
335,0.919571042060852,0.2969641387462616,0.2958333194255829,12.717877388000488
336,0.9159964323043823,0.32823389768600464,0.7416666746139526,1.607521891593933
337,0.9204646944999695,0.3098003566265106,0.7666666507720947,1.815377116203308
338,0.9025915861129761,0.3544269800186157,0.7458333373069763,1.523791790008545
339,0.9082892537117004,0.3295340836048126,0.699999988079071,1.6774991750717163
340,0.9159964323043823,0.3233165442943573,0.7041666507720947,1.9705063104629517
341,0.9065255522727966,0.30226030945777893,0.125,20.80841827392578
342,0.9240393042564392,0.30109819769859314,0.887499988079071,0.7001664638519287
343,0.9061661958694458,0.34560129046440125,0.5166666507720947,5.301425457000732
344,0.9142091274261475,0.30589956045150757,0.887499988079071,0.9535414576530457
345,0.9142091274261475,0.29514366388320923,0.7916666865348816,1.066813588142395
346,0.9249329566955566,0.28729408979415894,0.612500011920929,2.1375133991241455
347,0.9088472127914429,0.3580532371997833,0.800000011920929,1.4150973558425903
348,0.9204646944999695,0.26362767815589905,0.6833333373069763,2.304971933364868
349,0.9329758882522583,0.2352987676858902,0.16249999403953552,12.584451675415039
350,0.9249329566955566,0.29164573550224304,0.8208333253860474,1.2627270221710205
351,0.9276139140129089,0.26555779576301575,0.7958333492279053,1.2657053470611572
352,0.930294930934906,0.26869329810142517,0.8541666865348816,0.8911324143409729
353,0.9285714030265808,0.25399377942085266,0.8666666746139526,1.4923063516616821
354,0.9267202615737915,0.25753334164619446,0.875,1.0695468187332153
355,0.9285075664520264,0.26230305433273315,0.8791666626930237,1.07028067111969
356,0.9177837371826172,0.32301220297813416,0.8458333611488342,0.9048206210136414
357,0.9213583469390869,0.36222922801971436,0.8666666746139526,1.128015398979187
358,0.930294930934906,0.2653667628765106,0.800000011920929,1.4473426342010498
359,0.9383378028869629,0.24734947085380554,0.7333333492279053,1.2863868474960327
360,0.919571042060852,0.2804373800754547,0.8166666626930237,1.4953099489212036
361,0.9179894328117371,0.29058781266212463,0.75,1.2892241477966309
362,0.91331547498703,0.34552618861198425,0.8416666388511658,1.8185471296310425
363,0.9222519993782043,0.2939125895500183,0.5333333611488342,5.537125587463379
364,0.9320822358131409,0.24950094521045685,0.5541666746139526,5.297860145568848
365,0.9294532537460327,0.2317274808883667,0.9083333611488342,0.9853960275650024
366,0.9241622686386108,0.277138888835907,0.8999999761581421,0.5375328660011292
367,0.9249329566955566,0.27815860509872437,0.7833333611488342,1.2924615144729614
368,0.919571042060852,0.28518176078796387,0.2291666716337204,15.051854133605957
369,0.9311885833740234,0.26439470052719116,0.25833332538604736,9.582358360290527
370,0.9186773896217346,0.3368788957595825,0.34166666865348816,10.491372108459473
371,0.9159964323043823,0.30902034044265747,0.5166666507720947,2.5365774631500244
372,0.9186773896217346,0.31081706285476685,0.375,5.4716105461120605
373,0.9204646944999695,0.24444866180419922,0.9041666388511658,0.7338200807571411
374,0.9294012784957886,0.29560643434524536,0.887499988079071,0.9806923270225525
375,0.9222519993782043,0.2930651009082794,0.8666666746139526,0.9355050325393677
376,0.9240393042564392,0.3098646104335785,0.8791666626930237,1.081855058670044
377,0.9356568455696106,0.28944775462150574,0.2750000059604645,19.771631240844727
378,0.9276139140129089,0.29185476899147034,0.8125,1.8487399816513062
379,0.9338695406913757,0.2664813697338104,0.6958333253860474,1.6920026540756226
380,0.9392314553260803,0.26824820041656494,0.19166666269302368,28.031612396240234
381,0.930294930934906,0.2983282208442688,0.36666667461395264,6.34304141998291
382,0.9383378028869629,0.26193222403526306,0.737500011920929,2.105015277862549
383,0.9311885833740234,0.29341447353363037,0.5041666626930237,6.06062650680542
384,0.9373897910118103,0.23803399503231049,0.8666666746139526,1.0316253900527954
385,0.9320822358131409,0.2847825586795807,0.925000011920929,0.9228604435920715
386,0.930294930934906,0.29104238748550415,0.32499998807907104,7.397559642791748
387,0.9356568455696106,0.286179780960083,0.7166666388511658,1.6879487037658691
388,0.9153439402580261,0.3143632411956787,0.11249999701976776,47.09513854980469
389,0.9267202615737915,0.3072628378868103,0.9375,0.6512535214424133
390,0.9400352835655212,0.2116960883140564,0.7416666746139526,2.080440044403076
391,0.9356568455696106,0.29732075333595276,0.44583332538604736,6.969511032104492
392,0.9276896119117737,0.2620498538017273,0.6708333492279053,2.576338291168213
393,0.9294532537460327,0.2990592420101166,0.6541666388511658,2.7606041431427
394,0.9285714030265808,0.2425432652235031,0.7541666626930237,1.6644642353057861
395,0.9374441504478455,0.2458999752998352,0.9041666388511658,0.9455057382583618
396,0.9285075664520264,0.2827664911746979,0.8666666746139526,1.1389425992965698
397,0.9338695406913757,0.22486820816993713,0.7250000238418579,1.8599379062652588
398,0.9374441504478455,0.22123447060585022,0.7749999761581421,1.11955726146698
399,0.9258266091346741,0.32058602571487427,0.8291666507720947,1.598663091659546
400,0.9249329566955566,0.3365962505340576,0.8041666746139526,1.933885931968689
401,0.9285075664520264,0.2584480345249176,0.5958333611488342,2.723578453063965
402,0.9294012784957886,0.30168473720550537,0.3499999940395355,10.539377212524414
403,0.9410187602043152,0.23680560290813446,0.6625000238418579,3.1817831993103027
404,0.9186773896217346,0.3060053586959839,0.9166666865348816,0.7780365347862244
405,0.9097408652305603,0.32599976658821106,0.25833332538604736,10.478217124938965
406,0.9329758882522583,0.2787473201751709,0.2750000059604645,11.11886978149414
407,0.9159964323043823,0.3594474494457245,0.824999988079071,1.4427729845046997
408,0.9383378028869629,0.2004368007183075,0.574999988079071,3.4507133960723877
409,0.9445933699607849,0.2586866319179535,0.8374999761581421,1.5637880563735962
410,0.94280606508255,0.23585841059684753,0.9291666746139526,0.926285445690155
411,0.930294930934906,0.2542336583137512,0.7749999761581421,1.6541063785552979
412,0.9401251077651978,0.24969488382339478,0.762499988079071,2.1670994758605957
413,0.936550498008728,0.2487865835428238,0.1666666716337204,39.56890106201172
414,0.9401251077651978,0.2393544316291809,0.47083333134651184,4.7405314445495605
415,0.9417989253997803,0.24827291071414948,0.3291666805744171,12.680562019348145
416,0.9276139140129089,0.2606341242790222,0.23333333432674408,14.23949146270752
417,0.9276139140129089,0.29318928718566895,0.40833333134651184,7.051351547241211
418,0.9338695406913757,0.2775549590587616,0.3583333194255829,7.227527141571045
419,0.9454870223999023,0.2389424443244934,0.6208333373069763,2.8678321838378906
420,0.9285075664520264,0.2713792026042938,0.8416666388511658,0.8320996165275574
421,0.9472743272781372,0.21697314083576202,0.8208333253860474,1.6019965410232544
422,0.9410187602043152,0.2520263195037842,0.7958333492279053,1.7982676029205322
423,0.9338695406913757,0.2643207907676697,0.5333333611488342,2.9950220584869385
424,0.9338695406913757,0.2858799695968628,0.4791666567325592,7.2149505615234375
425,0.930294930934906,0.25368574261665344,0.8500000238418579,0.9848781824111938
426,0.936550498008728,0.2339453250169754,0.6958333253860474,1.73314368724823
427,0.9329758882522583,0.2972577214241028,0.7708333134651184,1.1565682888031006
428,0.94280606508255,0.2200029045343399,0.7541666626930237,2.5975048542022705
429,0.9338695406913757,0.2902454733848572,0.5541666746139526,3.983220338821411
430,0.9436997175216675,0.2288009524345398,0.512499988079071,3.4807045459747314
431,0.936550498008728,0.23325899243354797,0.550000011920929,5.546693801879883
432,0.9383378028869629,0.2620012164115906,0.8541666865348816,1.0000497102737427
433,0.9383378028869629,0.25148850679397583,0.2291666716337204,12.296618461608887
434,0.9294012784957886,0.24714557826519012,0.6583333611488342,2.5020081996917725
435,0.9559082984924316,0.17603281140327454,0.7916666865348816,1.575864553451538
436,0.9320822358131409,0.25568535923957825,0.4124999940395355,8.407114028930664
437,0.9383378028869629,0.2640518844127655,0.8458333611488342,1.1051307916641235
438,0.9329758882522583,0.2751586437225342,0.824999988079071,1.1528286933898926
439,0.9417989253997803,0.2677398920059204,0.8041666746139526,1.2364935874938965
440,0.9285075664520264,0.259074330329895,0.887499988079071,0.850101113319397
441,0.9374441504478455,0.23880796134471893,0.9083333611488342,1.0842955112457275
442,0.9213583469390869,0.35849717259407043,0.9208333492279053,0.9363973736763
443,0.9329805970191956,0.24556313455104828,0.925000011920929,0.6969915628433228
444,0.9419124126434326,0.2404215931892395,0.8916666507720947,1.0142368078231812
445,0.9401251077651978,0.23592807352542877,0.8833333253860474,0.822254478931427
446,0.9347631931304932,0.2563077211380005,0.2916666567325592,12.680741310119629
447,0.9329758882522583,0.2633037567138672,0.6666666865348816,2.9186408519744873
448,0.9400352835655212,0.2559262812137604,0.800000011920929,1.3238657712936401
449,0.9347631931304932,0.29090458154678345,0.9333333373069763,0.44715616106987
450,0.9490616917610168,0.22405579686164856,0.7708333134651184,1.6126255989074707
451,0.9463806748390198,0.21587876975536346,0.3958333432674408,10.603242874145508
452,0.9401251077651978,0.23046207427978516,0.7791666388511658,2.0326836109161377
453,0.9508489966392517,0.24285733699798584,0.8333333134651184,1.0548465251922607
454,0.9401251077651978,0.24343304336071014,0.6625000238418579,2.859215259552002
455,0.9338695406913757,0.2798773944377899,0.8458333611488342,1.0621862411499023
456,0.9294012784957886,0.2545774281024933,0.3166666626930237,6.000807762145996
457,0.9463806748390198,0.18800541758537292,0.8500000238418579,1.0746182203292847
458,0.9472743272781372,0.18419572710990906,0.512499988079071,3.5665152072906494
459,0.953529953956604,0.1735704094171524,0.8833333253860474,0.6277257204055786
460,0.9436997175216675,0.20749753713607788,0.3916666805744171,6.828358173370361
461,0.9463806748390198,0.25352805852890015,0.6166666746139526,2.4695510864257812
462,0.936550498008728,0.24383072555065155,0.15833333134651184,28.719343185424805
463,0.9410187602043152,0.2963712811470032,0.19583334028720856,16.854114532470703
464,0.9481679797172546,0.23027516901493073,0.6833333373069763,2.2287404537200928
465,0.9463806748390198,0.2062384933233261,0.5833333134651184,4.490518569946289
466,0.9463806748390198,0.17830806970596313,0.7124999761581421,3.077563762664795
467,0.9329758882522583,0.27392685413360596,0.5916666388511658,4.1059041023254395
468,0.9410187602043152,0.21422384679317474,0.8791666626930237,0.7287962436676025
469,0.9481679797172546,0.20896673202514648,0.7041666507720947,2.7658193111419678
470,0.9347631931304932,0.29408445954322815,0.8999999761581421,1.0425281524658203
471,0.9472743272781372,0.1932040899991989,0.9166666865348816,0.731864333152771
472,0.94280606508255,0.24240240454673767,0.8958333134651184,1.032124638557434
473,0.953529953956604,0.23010024428367615,0.9041666388511658,0.6811493039131165
474,0.9472743272781372,0.21450600028038025,0.5541666746139526,2.965090274810791
475,0.9294532537460327,0.2582698464393616,0.925000011920929,0.6721965074539185
476,0.94280606508255,0.1962163895368576,0.7749999761581421,2.045342206954956
477,0.946208119392395,0.21706806123256683,0.7708333134651184,1.0847488641738892
478,0.953529953956604,0.16678816080093384,0.8333333134651184,1.072381854057312
479,0.9419124126434326,0.22808130085468292,0.7291666865348816,1.947582483291626
480,0.9329758882522583,0.2734220623970032,0.737500011920929,1.9866515398025513
481,0.9338695406913757,0.26189762353897095,0.9166666865348816,0.9054621458053589
482,0.9374441504478455,0.28377893567085266,0.8541666865348816,0.8484756350517273
483,0.9463806748390198,0.25186803936958313,0.512499988079071,4.179222583770752
484,0.9463806748390198,0.21128085255622864,0.7333333492279053,2.9827163219451904
485,0.9285714030265808,0.30053895711898804,0.625,2.5718088150024414
486,0.9365079402923584,0.25967562198638916,0.800000011920929,1.5634640455245972
487,0.9463806748390198,0.21675866842269897,0.8125,2.5610640048980713
488,0.9401251077651978,0.26327890157699585,0.9125000238418579,0.5261179804801941
489,0.9499553442001343,0.17892760038375854,0.8166666626930237,1.0042908191680908
490,0.94280606508255,0.24051021039485931,0.8541666865348816,1.235309362411499
491,0.9463806748390198,0.26832467317581177,0.7041666507720947,2.930410146713257
492,0.9410187602043152,0.2448185533285141,0.8416666388511658,1.0222827196121216
493,0.9347631931304932,0.2658367455005646,0.7416666746139526,1.670940637588501
494,0.9445933699607849,0.22344346344470978,0.8999999761581421,0.5340020060539246
495,0.9311885833740234,0.2593427300453186,0.8791666626930237,1.2074296474456787
496,0.9436997175216675,0.22987669706344604,0.7208333611488342,2.3026978969573975
497,0.9401251077651978,0.2358335703611374,0.7208333611488342,1.8705604076385498
498,0.9559082984924316,0.19112741947174072,0.8125,1.6347631216049194
499,0.9347631931304932,0.3028571605682373,0.925000011920929,1.1022415161132812
500,0.9490616917610168,0.21735574305057526,0.6166666746139526,3.8726956844329834
501,0.9374441504478455,0.24047763645648956,0.19166666269302368,9.77161979675293
502,0.9454870223999023,0.19522176682949066,0.5208333134651184,3.953411817550659
503,0.9481679797172546,0.21822062134742737,0.7458333373069763,2.091921806335449
504,0.94280606508255,0.2181534320116043,0.8416666388511658,1.3517218828201294
505,0.9392314553260803,0.2542515993118286,0.9208333492279053,0.8061171174049377
506,0.9436997175216675,0.2749404013156891,0.8458333611488342,1.32637357711792
507,0.9517426490783691,0.1977403461933136,0.5416666865348816,4.274034023284912
508,0.9454870223999023,0.2230071723461151,0.8958333134651184,0.9288621544837952
509,0.9514991044998169,0.21921172738075256,0.9541666507720947,0.737179160118103
510,0.94280606508255,0.2719400227069855,0.574999988079071,4.134626865386963
511,0.9490616917610168,0.21341852843761444,0.9375,1.0274138450622559
512,0.9562109112739563,0.19558608531951904,0.862500011920929,0.9008928537368774
513,0.9267202615737915,0.31959807872772217,0.21666666865348816,17.280731201171875
514,0.9445933699607849,0.17347754538059235,0.27916666865348816,13.025360107421875
515,0.9526363015174866,0.19230130314826965,0.4958333373069763,6.0872931480407715
516,0.9320987462997437,0.2830788195133209,0.625,4.973328590393066
517,0.9517426490783691,0.22420163452625275,0.8916666507720947,0.9870685935020447
518,0.9490616917610168,0.25106433033943176,0.7708333134651184,2.7050909996032715
519,0.9444444179534912,0.2948935329914093,0.5958333611488342,3.7616026401519775
520,0.9472743272781372,0.15536759793758392,0.8666666746139526,1.1034348011016846
521,0.9436997175216675,0.2365017980337143,0.6666666865348816,2.5729188919067383
522,0.9320822358131409,0.255690336227417,0.6958333253860474,2.7521185874938965
523,0.9356568455696106,0.20872244238853455,0.8458333611488342,1.0229772329330444
524,0.9374441504478455,0.27902334928512573,0.7791666388511658,1.5744049549102783
525,0.9481679797172546,0.2065417319536209,0.6916666626930237,2.7228171825408936
526,0.9445933699607849,0.25910699367523193,0.9208333492279053,1.270232915878296
527,0.9463806748390198,0.24956661462783813,0.7124999761581421,3.7465476989746094
528,0.9436997175216675,0.25540268421173096,0.4541666805744171,6.951895236968994
529,0.9579982161521912,0.19486822187900543,0.8833333253860474,0.8331183195114136
530,0.953529953956604,0.22852975130081177,0.699999988079071,3.250091791152954
531,0.9374441504478455,0.27758702635765076,0.8041666746139526,1.2817243337631226
532,0.9463806748390198,0.25548693537712097,0.8125,1.0563240051269531
533,0.9445933699607849,0.21166875958442688,0.6291666626930237,3.4356894493103027
534,0.953529953956604,0.1486159861087799,0.6041666865348816,4.068985462188721
535,0.9454870223999023,0.2525441348552704,0.3541666567325592,13.986308097839355
536,0.9419124126434326,0.23812708258628845,0.2541666626930237,12.385711669921875
537,0.9508489966392517,0.1849765032529831,0.800000011920929,1.4624042510986328
538,0.9436997175216675,0.23623183369636536,0.699999988079071,3.4409823417663574
539,0.9445933699607849,0.2514662444591522,0.9708333611488342,0.39175254106521606
540,0.9571045637130737,0.17429839074611664,0.7791666388511658,2.4639523029327393
541,0.9391534328460693,0.23460187017917633,0.5791666507720947,2.7328073978424072
542,0.9463806748390198,0.21730484068393707,0.6625000238418579,2.4445531368255615
543,0.953529953956604,0.17765448987483978,0.5791666507720947,3.4467620849609375
544,0.9463806748390198,0.24764472246170044,0.574999988079071,4.648514270782471
545,0.9517426490783691,0.26875850558280945,0.4583333432674408,7.384444236755371
546,0.9579982161521912,0.19485177099704742,0.8833333253860474,1.7252198457717896
547,0.946208119392395,0.21896244585514069,0.2916666567325592,13.53036880493164
548,0.9523809552192688,0.2133285254240036,0.9125000238418579,0.574295699596405
549,0.9615728259086609,0.17891162633895874,0.9041666388511658,0.7731696367263794
550,0.9383378028869629,0.3261615037918091,0.4333333373069763,5.291749954223633
551,0.9445933699607849,0.2611330449581146,0.5166666507720947,3.7932777404785156
552,0.9579982161521912,0.1690668761730194,0.800000011920929,2.674602508544922
553,0.9454870223999023,0.23744186758995056,0.7583333253860474,1.802031397819519
554,0.9517426490783691,0.20289650559425354,0.737500011920929,2.0103793144226074
555,0.9499553442001343,0.27210739254951477,0.375,6.1349029541015625
556,0.9417989253997803,0.26034796237945557,0.3375000059604645,14.019915580749512
557,0.9562109112739563,0.20108579099178314,0.4625000059604645,9.149641990661621
558,0.9267202615737915,0.26160934567451477,0.7958333492279053,1.9034392833709717
559,0.9463806748390198,0.2405504286289215,0.28333333134651184,15.790703773498535
560,0.9669347405433655,0.11464378237724304,0.7666666507720947,1.8299587965011597
561,0.9508489966392517,0.24334517121315002,0.8999999761581421,1.010511875152588
562,0.9417989253997803,0.2278321236371994,0.7333333492279053,2.7789270877838135
563,0.9517426490783691,0.19318440556526184,0.40833333134651184,7.68357515335083
564,0.9508489966392517,0.2390231043100357,0.8791666626930237,0.7696767449378967
565,0.9499553442001343,0.24770517647266388,0.8374999761581421,1.200502872467041
566,0.9401251077651978,0.2529349625110626,0.6000000238418579,6.534310340881348
567,0.9514991044998169,0.19722986221313477,0.7958333492279053,1.4256787300109863
568,0.9544236063957214,0.238068088889122,0.5208333134651184,5.519224166870117
569,0.9470899701118469,0.20394158363342285,0.9291666746139526,1.0740982294082642
570,0.9669347405433655,0.13110753893852234,0.9291666746139526,1.029901146888733
571,0.959785521030426,0.17016133666038513,0.550000011920929,6.522112846374512
572,0.9567901492118835,0.2143452912569046,0.9333333373069763,0.6827859878540039
573,0.9499553442001343,0.257298082113266,0.8666666746139526,0.9895219206809998
574,0.9436997175216675,0.30061712861061096,0.5666666626930237,3.3415884971618652
575,0.9392314553260803,0.2582250237464905,0.9416666626930237,0.5814646482467651
576,0.9532628059387207,0.17085641622543335,0.75,2.282801628112793
577,0.9585537910461426,0.21889996528625488,0.9416666626930237,1.208269476890564
578,0.9463806748390198,0.2237999439239502,0.19166666269302368,25.511011123657227
579,0.9320822358131409,0.31410980224609375,0.875,1.492217779159546
580,0.9472743272781372,0.2379767894744873,0.8666666746139526,1.131552815437317
581,0.9517426490783691,0.2688756287097931,0.17916665971279144,34.311771392822266
582,0.9624664783477783,0.16042616963386536,0.8333333134651184,2.0292465686798096
583,0.953529953956604,0.1937519609928131,0.8666666746139526,1.597938895225525
584,0.9508489966392517,0.21244847774505615,0.8833333253860474,0.8610885143280029
585,0.9579982161521912,0.19495557248592377,0.8333333134651184,1.6355491876602173
586,0.9410187602043152,0.2865295708179474,0.6499999761581421,2.9311342239379883
587,0.9472743272781372,0.2861956059932709,0.4958333373069763,6.617873668670654
588,0.9544236063957214,0.22674548625946045,0.862500011920929,1.752538800239563
589,0.9445933699607849,0.2684738039970398,0.7541666626930237,1.9609841108322144
590,0.9615728259086609,0.14776626229286194,0.8833333253860474,0.8513159155845642
591,0.9615728259086609,0.15998271107673645,0.9583333134651184,0.730830729007721
592,0.9481679797172546,0.22266940772533417,0.6000000238418579,4.330322742462158
593,0.9544236063957214,0.23015950620174408,0.7666666507720947,1.4544223546981812
594,0.953529953956604,0.1865997314453125,0.42500001192092896,6.916206359863281
595,0.9454870223999023,0.2142949402332306,0.4000000059604645,14.294588088989258
596,0.9579982161521912,0.22924472391605377,0.8500000238418579,0.7482367157936096
597,0.9382715821266174,0.2404976785182953,0.8125,1.9583755731582642
598,0.9562109112739563,0.18169692158699036,0.675000011920929,1.9476319551467896
599,0.9615728259086609,0.18149299919605255,0.7708333134651184,1.4970954656600952
